Order_ID,Order_Date,Product,Category,Region,Quantity,Price,Total_Sales
1,2024-06-15,Headphones,Accessories,West,3,45150,135450
2,2024-03-07,Laptop,Accessories,East,5,27041,135205
3,2024-08-13,Smartwatch,Electronics,West,4,47394,189576
4,2024-07-22,Mobile,Accessories,North,1,31547,31547
5,2024-04-29,Tablet,Accessories,North,5,33463,167315
6,2024-09-02,Mobile,Accessories,East,2,42170,84340
7,2024-03-27,Smartwatch,Accessories,South,3,23252,69756
8,2024-12-29,Tablet,Accessories,North,1,14815,14815
9,2024-04-28,Laptop,Electronics,North,3,2755,8265
10,2024-01-10,Headphones,Accessories,North,2,18439,36878
11,2024-02-15,Headphones,Accessories,East,3,37802,113406
12,2024-06-10,Tablet,Electronics,South,4,42399,169596
13,2024-01-17,Headphones,Electronics,West,5,40894,204470
14,2024-12-07,Laptop,Accessories,North,2,5194,10388
15,2024-12-31,Tablet,Accessories,East,4,19928,79712
16,2024-05-13,Tablet,Electronics,East,5,29936,149680
17,2024-06-15,Headphones,Accessories,West,4,3256,13024
18,2024-09-16,Smartwatch,Accessories,North,5,30681,153405
19,2024-01-15,Headphones,Accessories,West,4,37659,150636
20,2024-04-18,Laptop,Accessories,South,4,21906,87624
21,2024-07-25,Smartwatch,Electronics,West,4,18192,72768
22,2024-11-21,Laptop,Electronics,West,5,8713,43565
23,2024-08-24,Laptop,Electronics,North,2,17143,34286
24,2024-08-27,Smartwatch,Accessories,East,2,3019,6038
25,2024-09-08,Headphones,Electronics,West,2,9010,18020
26,2024-01-03,Mobile,Accessories,South,3,14855,44565
27,2024-03-07,Headphones,Electronics,South,1,2476,2476
28,2024-07-22,Mobile,Accessories,South,1,2734,2734
29,2024-11-06,Laptop,Electronics,South,1,8801,8801
30,2024-05-14,Smartwatch,Electronics,East,5,2935,14675
31,2024-01-26,Headphones,Accessories,West,1,22418,22418
32,2024-03-05,Tablet,Electronics,West,1,32545,32545
33,2024-06-13,Tablet,Accessories,South,3,1757,5271
34,2024-03-30,Headphones,Accessories,West,2,32980,65960
35,2024-10-04,Mobile,Accessories,North,1,30799,30799
36,2024-11-03,Smartwatch,Accessories,South,2,35356,70712
37,2024-12-30,Smartwatch,Accessories,East,2,44014,88028
38,2024-05-08,Tablet,Accessories,South,1,648,648
39,2024-03-21,Smartwatch,Electronics,East,1,4891,4891
40,2024-11-25,Mobile,Electronics,West,3,17583,52749
41,2024-04-03,Headphones,Accessories,West,4,14452,57808
42,2024-03-13,Laptop,Accessories,West,1,43591,43591
43,2024-01-04,Laptop,Accessories,South,5,16103,80515
44,2024-06-17,Headphones,Accessories,South,1,39646,39646
45,2024-12-17,Mobile,Accessories,North,4,46864,187456
46,2024-12-29,Laptop,Electronics,North,5,22399,111995
47,2024-01-05,Headphones,Accessories,West,3,11724,35172
48,2024-03-28,Mobile,Accessories,West,2,25790,51580
49,2024-12-24,Laptop,Accessories,North,4,20516,82064
50,2024-11-21,Headphones,Accessories,West,5,44367,221835
51,2024-04-12,Laptop,Electronics,South,4,31622,126488
52,2024-03-22,Laptop,Electronics,West,3,8135,24405
53,2024-02-03,Tablet,Accessories,West,2,6242,12484
54,2024-09-04,Tablet,Electronics,West,2,2022,4044
55,2024-11-19,Mobile,Electronics,North,2,26731,53462
56,2024-02-20,Mobile,Accessories,West,5,35287,176435
57,2024-05-15,Tablet,Electronics,North,4,28461,113844
58,2024-11-28,Tablet,Accessories,East,1,35055,35055
59,2024-05-14,Mobile,Electronics,West,1,11164,11164
60,2024-01-21,Smartwatch,Accessories,South,1,1295,1295
61,2024-05-15,Tablet,Accessories,South,4,11962,47848
62,2024-05-04,Mobile,Accessories,West,1,31236,31236
63,2024-03-23,Smartwatch,Accessories,North,4,6438,25752
64,2024-08-22,Headphones,Accessories,North,5,18869,94345
65,2024-04-10,Tablet,Electronics,South,4,11612,46448
66,2024-08-05,Mobile,Accessories,West,3,47552,142656
67,2024-08-24,Mobile,Electronics,East,2,24606,49212
68,2024-07-23,Smartwatch,Electronics,South,1,47830,47830
69,2024-05-27,Smartwatch,Electronics,North,2,34633,69266
70,2024-11-12,Tablet,Accessories,North,1,35596,35596
71,2024-02-13,Smartwatch,Accessories,West,1,29716,29716
72,2024-02-18,Laptop,Accessories,East,4,3685,14740
73,2024-11-27,Headphones,Accessories,North,4,6242,24968
74,2024-08-07,Laptop,Accessories,South,3,9336,28008
75,2024-11-19,Mobile,Electronics,North,4,29077,116308
76,2024-01-25,Headphones,Accessories,West,2,9674,19348
77,2024-03-14,Headphones,Accessories,South,3,32618,97854
78,2024-06-27,Tablet,Accessories,West,1,5067,5067
79,2024-09-18,Laptop,Accessories,West,2,42588,85176
80,2024-11-27,Tablet,Accessories,North,1,7035,7035
81,2024-01-06,Smartwatch,Accessories,West,2,22534,45068
82,2024-06-14,Laptop,Accessories,East,2,23751,47502
83,2024-06-28,Headphones,Accessories,North,3,31927,95781
84,2024-10-25,Laptop,Accessories,South,3,48514,145542
85,2024-02-06,Mobile,Accessories,East,5,44181,220905
86,2024-06-01,Laptop,Accessories,North,5,5958,29790
87,2024-02-17,Smartwatch,Electronics,South,2,27252,54504
88,2024-09-06,Tablet,Accessories,North,1,26300,26300
89,2024-01-15,Mobile,Electronics,South,1,43231,43231
90,2024-02-20,Smartwatch,Electronics,North,4,13217,52868
91,2024-01-15,Headphones,Accessories,East,4,42970,171880
92,2024-04-17,Smartwatch,Accessories,South,1,20802,20802
93,2024-09-05,Headphones,Accessories,East,5,30330,151650
94,2024-05-20,Laptop,Accessories,North,2,41882,83764
95,2024-06-17,Laptop,Accessories,West,2,42528,85056
96,2024-08-16,Laptop,Electronics,West,3,19669,59007
97,2024-05-13,Smartwatch,Electronics,West,5,39378,196890
98,2024-04-13,Mobile,Electronics,East,1,34947,34947
99,2024-05-24,Smartwatch,Accessories,North,4,11116,44464
100,2024-09-04,Laptop,Electronics,North,1,16858,16858
101,2024-05-16,Tablet,Accessories,North,2,24577,49154
102,2024-07-02,Smartwatch,Electronics,East,1,25617,25617
103,2024-05-13,Headphones,Electronics,North,3,35196,105588
104,2024-05-24,Tablet,Electronics,South,5,23201,116005
105,2024-03-06,Smartwatch,Accessories,North,3,3942,11826
106,2024-02-08,Laptop,Electronics,East,2,28985,57970
107,2024-10-24,Headphones,Electronics,West,4,40009,160036
108,2024-08-01,Mobile,Electronics,South,1,45335,45335
109,2024-01-23,Mobile,Electronics,West,1,37019,37019
110,2024-08-19,Tablet,Accessories,North,1,34905,34905
111,2024-10-13,Headphones,Accessories,East,2,6718,13436
112,2024-12-27,Headphones,Electronics,West,3,899,2697
113,2024-06-11,Headphones,Electronics,West,3,29762,89286
114,2024-09-29,Laptop,Accessories,South,2,40485,80970
115,2024-09-13,Mobile,Accessories,South,4,23682,94728
116,2024-03-30,Tablet,Accessories,East,1,24914,24914
117,2024-10-19,Tablet,Electronics,South,1,4626,4626
118,2024-05-28,Headphones,Accessories,East,1,31591,31591
119,2024-01-14,Smartwatch,Accessories,North,4,35438,141752
120,2024-03-23,Smartwatch,Electronics,North,2,42062,84124
121,2024-08-29,Smartwatch,Electronics,North,3,49438,148314
122,2024-05-31,Tablet,Electronics,South,4,21854,87416
123,2024-12-17,Smartwatch,Accessories,West,5,861,4305
124,2024-03-27,Laptop,Accessories,North,1,33132,33132
125,2024-11-21,Mobile,Accessories,South,5,42599,212995
126,2024-02-13,Headphones,Electronics,North,4,47273,189092
127,2024-03-19,Smartwatch,Electronics,South,4,45228,180912
128,2024-12-16,Mobile,Accessories,North,2,39911,79822
129,2024-11-08,Tablet,Electronics,South,1,17053,17053
130,2024-07-18,Mobile,Accessories,West,4,47675,190700
131,2024-01-31,Mobile,Accessories,North,3,48568,145704
132,2024-12-11,Smartwatch,Accessories,East,4,12639,50556
133,2024-10-07,Laptop,Accessories,South,4,44268,177072
134,2024-12-04,Mobile,Electronics,South,2,1776,3552
135,2024-07-25,Smartwatch,Electronics,South,3,35718,107154
136,2024-12-18,Laptop,Electronics,South,5,12598,62990
137,2024-09-26,Mobile,Electronics,South,2,12651,25302
138,2024-06-27,Laptop,Accessories,West,4,37873,151492
139,2024-01-05,Laptop,Accessories,East,3,48427,145281
140,2024-04-13,Smartwatch,Accessories,East,1,45099,45099
141,2024-12-21,Mobile,Accessories,West,1,16189,16189
142,2024-06-15,Smartwatch,Electronics,North,2,42155,84310
143,2024-12-06,Mobile,Electronics,North,4,41323,165292
144,2024-04-14,Laptop,Electronics,West,5,32252,161260
145,2024-11-18,Laptop,Accessories,West,2,39868,79736
146,2024-08-14,Laptop,Electronics,North,3,3581,10743
147,2024-07-02,Laptop,Accessories,South,1,33698,33698
148,2024-04-14,Laptop,Accessories,North,5,38271,191355
149,2024-10-11,Tablet,Accessories,South,2,23390,46780
150,2024-07-02,Laptop,Electronics,North,5,43934,219670
151,2024-09-22,Tablet,Accessories,West,2,24391,48782
152,2024-11-26,Smartwatch,Electronics,East,3,31047,93141
153,2024-08-31,Headphones,Electronics,West,1,36898,36898
154,2024-05-24,Tablet,Electronics,South,2,24059,48118
155,2024-03-22,Laptop,Electronics,South,1,22503,22503
156,2024-03-31,Headphones,Accessories,West,2,47803,95606
157,2024-06-19,Mobile,Accessories,North,5,4268,21340
158,2024-08-17,Laptop,Accessories,North,3,49271,147813
159,2024-03-27,Mobile,Electronics,North,1,4771,4771
160,2024-07-21,Laptop,Accessories,South,2,15374,30748
161,2024-10-19,Laptop,Accessories,East,2,47462,94924
162,2024-04-01,Laptop,Electronics,West,2,31100,62200
163,2024-02-17,Tablet,Electronics,North,2,39120,78240
164,2024-07-03,Headphones,Accessories,South,3,6444,19332
165,2024-12-12,Headphones,Accessories,West,1,43811,43811
166,2024-11-11,Headphones,Accessories,West,2,7705,15410
167,2024-05-27,Headphones,Electronics,West,5,43335,216675
168,2024-07-31,Mobile,Accessories,North,5,33483,167415
169,2024-01-05,Laptop,Accessories,East,3,39454,118362
170,2024-03-01,Tablet,Accessories,North,5,49903,249515
171,2024-09-06,Smartwatch,Accessories,South,1,9053,9053
172,2024-05-26,Mobile,Accessories,West,3,30408,91224
173,2024-06-11,Smartwatch,Electronics,East,1,7331,7331
174,2024-11-25,Tablet,Accessories,South,5,47623,238115
175,2024-11-10,Smartwatch,Electronics,East,1,21010,21010
176,2024-02-19,Tablet,Electronics,North,5,25033,125165
177,2024-03-21,Laptop,Electronics,West,3,6243,18729
178,2024-04-07,Smartwatch,Electronics,South,5,28776,143880
179,2024-03-23,Smartwatch,Electronics,West,2,5183,10366
180,2024-02-27,Smartwatch,Accessories,West,1,30801,30801
181,2024-12-06,Mobile,Accessories,South,2,18134,36268
182,2024-07-04,Headphones,Electronics,South,2,43557,87114
183,2024-05-20,Mobile,Electronics,North,3,45543,136629
184,2024-12-24,Mobile,Accessories,West,2,45155,90310
185,2024-02-27,Smartwatch,Electronics,West,1,21701,21701
186,2024-12-20,Laptop,Accessories,North,3,12660,37980
187,2024-10-31,Headphones,Accessories,East,4,15290,61160
188,2024-01-04,Laptop,Electronics,East,3,41168,123504
189,2024-06-27,Laptop,Accessories,West,5,43882,219410
190,2024-05-09,Smartwatch,Electronics,South,2,36094,72188
191,2024-04-24,Headphones,Electronics,East,5,43860,219300
192,2024-10-03,Headphones,Accessories,South,1,1100,1100
193,2024-08-13,Smartwatch,Electronics,West,1,47556,47556
194,2024-08-04,Laptop,Accessories,North,3,34091,102273
195,2024-10-10,Smartwatch,Electronics,South,2,1969,3938
196,2024-04-08,Tablet,Electronics,South,1,18622,18622
197,2024-01-16,Tablet,Accessories,West,1,27034,27034
198,2024-01-10,Headphones,Electronics,West,3,24001,72003
199,2024-09-11,Laptop,Accessories,South,1,32241,32241
200,2024-05-05,Mobile,Electronics,North,3,14903,44709
201,2024-07-07,Tablet,Electronics,East,5,21483,107415
202,2024-10-01,Mobile,Accessories,East,3,10248,30744
203,2024-01-10,Laptop,Electronics,South,2,37260,74520
204,2024-07-27,Headphones,Electronics,North,4,32736,130944
205,2024-03-28,Smartwatch,Accessories,South,5,3161,15805
206,2024-07-22,Smartwatch,Accessories,North,2,3382,6764
207,2024-05-04,Mobile,Accessories,South,4,5042,20168
208,2024-05-18,Tablet,Accessories,West,4,33337,133348
209,2024-09-26,Headphones,Accessories,West,2,16945,33890
210,2024-09-19,Laptop,Accessories,East,1,11185,11185
211,2024-12-16,Tablet,Accessories,East,5,29675,148375
212,2024-11-23,Headphones,Accessories,East,5,32215,161075
213,2024-05-08,Headphones,Accessories,East,3,17239,51717
214,2024-10-02,Headphones,Accessories,West,5,16441,82205
215,2024-02-24,Headphones,Electronics,North,4,22721,90884
216,2024-09-06,Tablet,Accessories,East,2,25810,51620
217,2024-05-14,Laptop,Accessories,North,3,47034,141102
218,2024-10-08,Headphones,Electronics,North,1,11397,11397
219,2024-08-11,Headphones,Accessories,North,4,46731,186924
220,2024-01-13,Mobile,Accessories,East,2,35522,71044
221,2024-05-25,Tablet,Accessories,East,4,9400,37600
222,2024-05-23,Tablet,Electronics,South,4,28177,112708
223,2024-10-02,Laptop,Electronics,East,1,19790,19790
224,2024-06-23,Smartwatch,Accessories,South,2,24909,49818
225,2024-09-10,Laptop,Electronics,North,5,36716,183580
226,2024-01-25,Mobile,Electronics,East,3,12751,38253
227,2024-09-27,Smartwatch,Accessories,North,2,47412,94824
228,2024-04-25,Mobile,Accessories,South,4,38570,154280
229,2024-08-02,Smartwatch,Accessories,South,4,42467,169868
230,2024-05-15,Laptop,Accessories,South,5,35646,178230
231,2024-01-26,Laptop,Accessories,North,2,42963,85926
232,2024-06-14,Mobile,Electronics,South,2,36698,73396
233,2024-03-20,Tablet,Accessories,South,1,8177,8177
234,2024-10-01,Smartwatch,Accessories,North,4,3575,14300
235,2024-11-07,Smartwatch,Accessories,North,3,15061,45183
236,2024-01-31,Headphones,Accessories,North,2,6669,13338
237,2024-07-13,Laptop,Accessories,East,2,12466,24932
238,2024-12-14,Laptop,Electronics,South,1,28460,28460
239,2024-05-06,Mobile,Electronics,West,1,41005,41005
240,2024-03-03,Mobile,Accessories,East,5,3926,19630
241,2024-06-19,Headphones,Accessories,South,1,48389,48389
242,2024-04-11,Headphones,Electronics,East,2,18064,36128
243,2024-12-02,Smartwatch,Electronics,West,4,25311,101244
244,2024-10-06,Smartwatch,Electronics,West,1,49646,49646
245,2024-06-01,Headphones,Accessories,East,3,47983,143949
246,2024-06-10,Tablet,Electronics,North,2,2313,4626
247,2024-05-02,Headphones,Electronics,East,3,3472,10416
248,2024-12-01,Smartwatch,Accessories,West,2,49625,99250
249,2024-05-27,Smartwatch,Electronics,West,2,15994,31988
250,2024-11-22,Headphones,Electronics,North,2,41260,82520
251,2024-07-30,Tablet,Accessories,South,1,22717,22717
252,2024-12-19,Smartwatch,Accessories,North,4,30876,123504
253,2024-05-13,Mobile,Electronics,South,4,14573,58292
254,2024-12-20,Tablet,Electronics,North,1,18434,18434
255,2024-02-27,Laptop,Electronics,West,2,38684,77368
256,2024-08-16,Headphones,Accessories,East,2,35700,71400
257,2024-02-06,Laptop,Electronics,South,1,33020,33020
258,2024-11-24,Mobile,Accessories,East,1,41532,41532
259,2024-10-11,Laptop,Accessories,West,5,36947,184735
260,2024-01-22,Laptop,Electronics,South,4,27520,110080
261,2024-10-03,Headphones,Electronics,North,4,15613,62452
262,2024-01-19,Laptop,Accessories,South,2,39439,78878
263,2024-08-03,Tablet,Electronics,West,1,25893,25893
264,2024-11-22,Headphones,Electronics,East,5,21175,105875
265,2024-03-11,Mobile,Electronics,North,1,3891,3891
266,2024-10-21,Tablet,Electronics,North,4,23489,93956
267,2024-11-13,Headphones,Electronics,South,3,9259,27777
268,2024-02-08,Tablet,Accessories,South,1,26205,26205
269,2024-12-24,Mobile,Electronics,West,5,33201,166005
270,2024-07-02,Headphones,Electronics,South,1,5184,5184
271,2024-11-07,Laptop,Accessories,East,1,30504,30504
272,2024-03-09,Mobile,Electronics,West,1,18521,18521
273,2024-02-19,Laptop,Accessories,West,5,41312,206560
274,2024-03-02,Laptop,Electronics,South,2,26962,53924
275,2024-10-22,Mobile,Accessories,South,4,35359,141436
276,2024-06-04,Tablet,Electronics,North,4,15305,61220
277,2024-02-25,Mobile,Accessories,South,1,29261,29261
278,2024-03-02,Mobile,Electronics,South,1,42856,42856
279,2024-04-08,Smartwatch,Electronics,East,5,37529,187645
280,2024-01-08,Headphones,Electronics,West,2,35785,71570
281,2024-08-07,Laptop,Accessories,North,5,4635,23175
282,2024-06-24,Tablet,Electronics,West,1,16291,16291
283,2024-06-09,Laptop,Accessories,East,3,49242,147726
284,2024-02-11,Smartwatch,Electronics,West,2,32088,64176
285,2024-01-12,Laptop,Accessories,West,1,1820,1820
286,2024-08-13,Headphones,Electronics,North,2,34193,68386
287,2024-10-16,Smartwatch,Electronics,West,5,25113,125565
288,2024-05-14,Mobile,Electronics,South,3,36663,109989
289,2024-09-21,Smartwatch,Electronics,West,1,25546,25546
290,2024-10-18,Laptop,Electronics,South,4,33250,133000
291,2024-08-03,Laptop,Accessories,South,4,9442,37768
292,2024-03-02,Mobile,Electronics,East,2,41285,82570
293,2024-08-15,Smartwatch,Accessories,North,2,25133,50266
294,2024-01-28,Mobile,Accessories,West,4,934,3736
295,2024-11-18,Headphones,Accessories,West,4,2247,8988
296,2024-07-03,Laptop,Electronics,East,1,19903,19903
297,2024-07-18,Smartwatch,Electronics,East,2,15143,30286
298,2024-01-30,Headphones,Electronics,West,4,31878,127512
299,2024-12-27,Mobile,Electronics,North,3,49343,148029
300,2024-05-08,Tablet,Accessories,North,4,20931,83724
301,2024-10-05,Laptop,Accessories,East,4,27859,111436
302,2024-06-27,Mobile,Accessories,West,3,9006,27018
303,2024-05-17,Headphones,Accessories,South,1,12674,12674
304,2024-07-26,Headphones,Electronics,West,1,44989,44989
305,2024-09-14,Tablet,Electronics,West,5,39925,199625
306,2024-07-16,Tablet,Electronics,East,5,3886,19430
307,2024-11-20,Laptop,Accessories,East,5,683,3415
308,2024-10-17,Mobile,Accessories,West,3,32910,98730
309,2024-08-24,Mobile,Electronics,South,4,23030,92120
310,2024-12-02,Tablet,Electronics,North,2,45620,91240
311,2024-05-07,Headphones,Accessories,East,5,795,3975
312,2024-04-25,Headphones,Electronics,South,2,22356,44712
313,2024-12-10,Mobile,Electronics,West,1,8337,8337
314,2024-02-06,Tablet,Electronics,South,4,4411,17644
315,2024-07-30,Headphones,Accessories,West,5,24117,120585
316,2024-05-04,Mobile,Electronics,South,1,7375,7375
317,2024-07-16,Laptop,Electronics,West,2,29868,59736
318,2024-08-19,Tablet,Electronics,South,2,26931,53862
319,2024-06-16,Tablet,Accessories,East,4,16453,65812
320,2024-02-05,Smartwatch,Accessories,West,3,27222,81666
321,2024-08-03,Smartwatch,Electronics,North,1,47974,47974
322,2024-06-19,Smartwatch,Electronics,West,5,44493,222465
323,2024-04-02,Headphones,Electronics,South,5,20713,103565
324,2024-05-13,Headphones,Accessories,South,5,36758,183790
325,2024-10-29,Headphones,Accessories,East,1,30364,30364
326,2024-08-14,Laptop,Accessories,East,3,4503,13509
327,2024-03-18,Mobile,Electronics,North,4,42528,170112
328,2024-11-28,Smartwatch,Electronics,North,1,15366,15366
329,2024-11-03,Laptop,Accessories,South,2,29081,58162
330,2024-06-06,Mobile,Electronics,West,5,41422,207110
331,2024-12-21,Smartwatch,Electronics,South,5,7668,38340
332,2024-02-24,Laptop,Electronics,North,2,39025,78050
333,2024-12-09,Laptop,Electronics,West,1,20182,20182
334,2024-05-26,Tablet,Accessories,West,2,25650,51300
335,2024-05-17,Mobile,Electronics,East,3,689,2067
336,2024-05-05,Headphones,Accessories,East,3,27928,83784
337,2024-02-05,Tablet,Accessories,North,5,4024,20120
338,2024-08-07,Smartwatch,Electronics,East,2,33480,66960
339,2024-07-12,Laptop,Electronics,West,5,19721,98605
340,2024-09-10,Mobile,Electronics,North,3,23226,69678
341,2024-03-07,Mobile,Accessories,South,1,37884,37884
342,2024-07-29,Smartwatch,Accessories,North,2,3797,7594
343,2024-02-12,Headphones,Electronics,West,3,20598,61794
344,2024-03-13,Mobile,Accessories,West,2,34034,68068
345,2024-02-19,Laptop,Accessories,North,5,48155,240775
346,2024-02-23,Tablet,Accessories,South,4,18220,72880
347,2024-10-22,Tablet,Electronics,South,5,36657,183285
348,2024-12-01,Smartwatch,Accessories,North,2,4606,9212
349,2024-04-13,Smartwatch,Electronics,West,3,4315,12945
350,2024-03-30,Smartwatch,Accessories,West,3,33549,100647
351,2024-11-06,Tablet,Accessories,North,1,8990,8990
352,2024-07-24,Tablet,Accessories,South,5,30247,151235
353,2024-07-15,Mobile,Electronics,South,1,40176,40176
354,2024-06-02,Tablet,Accessories,East,4,7143,28572
355,2024-12-11,Mobile,Accessories,East,3,9916,29748
356,2024-07-01,Laptop,Electronics,East,3,48124,144372
357,2024-08-18,Laptop,Electronics,North,1,20423,20423
358,2024-12-18,Mobile,Accessories,West,5,31571,157855
359,2024-09-14,Laptop,Electronics,South,5,30993,154965
360,2024-01-22,Tablet,Accessories,West,4,7164,28656
361,2024-08-23,Laptop,Accessories,West,2,12613,25226
362,2024-08-15,Laptop,Electronics,South,5,28331,141655
363,2024-03-04,Headphones,Electronics,West,3,48083,144249
364,2024-12-15,Smartwatch,Electronics,South,3,28157,84471
365,2024-08-13,Laptop,Electronics,North,4,41894,167576
366,2024-04-08,Tablet,Accessories,East,3,5535,16605
367,2024-09-11,Smartwatch,Electronics,East,4,8748,34992
368,2024-05-14,Mobile,Accessories,East,3,25335,76005
369,2024-04-18,Mobile,Accessories,East,2,38642,77284
370,2024-07-24,Laptop,Electronics,North,2,29459,58918
371,2024-12-21,Mobile,Electronics,North,3,2060,6180
372,2024-08-28,Mobile,Accessories,North,4,26028,104112
373,2024-02-27,Laptop,Electronics,South,4,29528,118112
374,2024-09-04,Laptop,Accessories,South,2,45317,90634
375,2024-05-05,Tablet,Electronics,North,5,40717,203585
376,2024-04-12,Smartwatch,Accessories,West,5,13698,68490
377,2024-01-08,Headphones,Electronics,West,3,22879,68637
378,2024-12-13,Tablet,Accessories,West,4,48953,195812
379,2024-02-23,Laptop,Accessories,West,1,15912,15912
380,2024-05-06,Mobile,Electronics,North,5,17495,87475
381,2024-02-11,Mobile,Electronics,West,4,31410,125640
382,2024-09-18,Headphones,Electronics,South,2,17343,34686
383,2024-03-17,Tablet,Accessories,West,2,39256,78512
384,2024-03-15,Smartwatch,Electronics,North,1,45448,45448
385,2024-02-25,Laptop,Accessories,West,4,10559,42236
386,2024-01-30,Smartwatch,Electronics,North,2,35104,70208
387,2024-12-19,Laptop,Electronics,North,3,6458,19374
388,2024-10-17,Mobile,Accessories,North,4,26815,107260
389,2024-11-11,Smartwatch,Electronics,North,2,37627,75254
390,2024-04-30,Headphones,Accessories,North,2,17902,35804
391,2024-11-12,Mobile,Electronics,East,1,42385,42385
392,2024-02-20,Tablet,Accessories,North,4,32682,130728
393,2024-08-14,Tablet,Accessories,East,3,40646,121938
394,2024-07-12,Headphones,Electronics,North,1,45042,45042
395,2024-06-11,Laptop,Electronics,West,4,15371,61484
396,2024-10-29,Smartwatch,Electronics,South,2,3024,6048
397,2024-12-31,Tablet,Accessories,West,1,24864,24864
398,2024-05-04,Tablet,Accessories,North,1,23722,23722
399,2024-03-25,Mobile,Accessories,East,3,17310,51930
400,2024-12-17,Mobile,Electronics,North,3,45432,136296
401,2024-05-31,Headphones,Accessories,West,4,14639,58556
402,2024-08-27,Headphones,Electronics,North,1,10084,10084
403,2024-01-09,Smartwatch,Accessories,West,4,1579,6316
404,2024-03-30,Mobile,Electronics,East,4,39545,158180
405,2024-06-13,Tablet,Accessories,West,1,36477,36477
406,2024-12-25,Mobile,Accessories,South,1,45269,45269
407,2024-12-06,Tablet,Electronics,East,2,27098,54196
408,2024-05-28,Smartwatch,Electronics,South,4,18104,72416
409,2024-04-18,Headphones,Electronics,South,2,46765,93530
410,2024-08-06,Tablet,Accessories,North,5,32468,162340
411,2024-10-07,Laptop,Electronics,South,1,4325,4325
412,2024-08-15,Headphones,Electronics,South,5,33369,166845
413,2024-09-16,Mobile,Electronics,South,5,38411,192055
414,2024-03-20,Laptop,Accessories,East,3,45238,135714
415,2024-11-25,Laptop,Electronics,East,5,17628,88140
416,2024-10-10,Tablet,Electronics,North,5,24156,120780
417,2024-12-31,Laptop,Electronics,North,3,35463,106389
418,2024-11-09,Tablet,Accessories,South,2,29796,59592
419,2024-09-14,Smartwatch,Electronics,North,1,7846,7846
420,2024-07-26,Tablet,Accessories,South,2,36781,73562
421,2024-04-21,Mobile,Accessories,South,3,40817,122451
422,2024-04-15,Tablet,Accessories,East,2,6959,13918
423,2024-05-13,Headphones,Accessories,East,3,10419,31257
424,2024-01-12,Smartwatch,Electronics,West,1,47860,47860
425,2024-03-07,Headphones,Accessories,West,5,44608,223040
426,2024-01-27,Tablet,Electronics,South,3,37340,112020
427,2024-01-07,Tablet,Accessories,East,1,29456,29456
428,2024-10-09,Headphones,Accessories,East,2,13353,26706
429,2024-07-14,Headphones,Accessories,West,1,6107,6107
430,2024-06-03,Laptop,Accessories,East,1,22114,22114
431,2024-04-14,Tablet,Electronics,West,3,8483,25449
432,2024-02-23,Smartwatch,Accessories,West,1,1483,1483
433,2024-03-18,Headphones,Accessories,North,3,24836,74508
434,2024-04-21,Mobile,Electronics,East,4,3427,13708
435,2024-05-05,Laptop,Accessories,North,2,3275,6550
436,2024-05-28,Mobile,Electronics,North,5,46982,234910
437,2024-06-27,Headphones,Accessories,North,1,27194,27194
438,2024-05-11,Tablet,Electronics,North,4,6795,27180
439,2024-01-04,Headphones,Accessories,East,2,25648,51296
440,2024-09-02,Mobile,Accessories,East,3,4802,14406
441,2024-10-03,Headphones,Accessories,East,2,24725,49450
442,2024-03-26,Smartwatch,Electronics,East,5,36045,180225
443,2024-11-09,Smartwatch,Accessories,South,2,21954,43908
444,2024-04-03,Laptop,Accessories,South,4,48937,195748
445,2024-09-18,Tablet,Electronics,East,3,23108,69324
446,2024-03-24,Mobile,Accessories,East,1,46336,46336
447,2024-03-03,Headphones,Accessories,East,3,7736,23208
448,2024-02-01,Smartwatch,Electronics,South,3,8031,24093
449,2024-07-28,Smartwatch,Electronics,North,4,3455,13820
450,2024-11-14,Tablet,Accessories,South,2,49652,99304
451,2024-04-16,Smartwatch,Accessories,West,1,8960,8960
452,2024-07-19,Headphones,Accessories,North,3,22348,67044
453,2024-07-20,Smartwatch,Accessories,North,4,32917,131668
454,2024-02-07,Laptop,Electronics,East,5,8298,41490
455,2024-02-13,Tablet,Electronics,West,5,48651,243255
456,2024-08-06,Smartwatch,Electronics,North,4,7450,29800
457,2024-03-29,Mobile,Electronics,East,3,6381,19143
458,2024-09-25,Tablet,Electronics,West,1,38351,38351
459,2024-04-09,Laptop,Electronics,East,4,26211,104844
460,2024-10-16,Tablet,Electronics,West,4,44249,176996
461,2024-07-29,Tablet,Electronics,North,3,7540,22620
462,2024-02-27,Laptop,Electronics,North,2,24807,49614
463,2024-11-26,Headphones,Accessories,North,2,37603,75206
464,2024-08-26,Mobile,Electronics,South,4,10603,42412
465,2024-05-29,Mobile,Electronics,West,4,5454,21816
466,2024-11-20,Smartwatch,Electronics,East,3,22646,67938
467,2024-12-24,Tablet,Accessories,South,2,11546,23092
468,2024-04-10,Tablet,Electronics,North,2,15963,31926
469,2024-04-11,Headphones,Electronics,West,4,21444,85776
470,2024-04-03,Mobile,Electronics,South,3,22764,68292
471,2024-08-26,Mobile,Accessories,South,3,31006,93018
472,2024-11-15,Smartwatch,Accessories,East,4,44590,178360
473,2024-03-30,Mobile,Electronics,East,4,32746,130984
474,2024-07-18,Tablet,Accessories,East,1,16670,16670
475,2024-12-20,Tablet,Accessories,West,4,7127,28508
476,2024-10-02,Headphones,Accessories,North,4,8485,33940
477,2024-10-01,Headphones,Accessories,North,5,38747,193735
478,2024-09-15,Tablet,Electronics,West,1,31009,31009
479,2024-08-09,Smartwatch,Accessories,South,5,4214,21070
480,2024-12-18,Headphones,Electronics,North,4,1160,4640
481,2024-06-20,Mobile,Electronics,West,3,48435,145305
482,2024-06-20,Headphones,Electronics,North,3,18720,56160
483,2024-11-03,Smartwatch,Accessories,East,3,11737,35211
484,2024-12-20,Headphones,Accessories,South,3,17114,51342
485,2024-10-29,Mobile,Accessories,North,5,16270,81350
486,2024-02-18,Tablet,Electronics,West,3,37508,112524
487,2024-01-05,Headphones,Accessories,West,2,45127,90254
488,2024-04-08,Smartwatch,Electronics,West,1,20949,20949
489,2024-04-10,Tablet,Electronics,West,4,31118,124472
490,2024-06-05,Tablet,Accessories,West,5,24778,123890
491,2024-11-30,Headphones,Electronics,West,3,19884,59652
492,2024-12-18,Headphones,Accessories,East,4,5723,22892
493,2024-09-18,Laptop,Electronics,West,2,45182,90364
494,2024-07-10,Smartwatch,Accessories,South,4,2579,10316
495,2024-06-09,Mobile,Accessories,West,1,7219,7219
496,2024-09-05,Tablet,Electronics,West,4,43728,174912
497,2024-05-26,Tablet,Electronics,North,1,32190,32190
498,2024-05-07,Mobile,Accessories,South,5,2447,12235
499,2024-09-24,Laptop,Accessories,East,3,6899,20697
500,2024-10-23,Headphones,Accessories,North,2,11719,23438
